tempo,chroma_mean,spectral_centroid,mfcc_1,mfcc_2,mfcc_3,mfcc_4,mfcc_5,mfcc_6,mfcc_7,mfcc_8,mfcc_9,mfcc_10,mfcc_11,mfcc_12,mfcc_13,filename,label,cluster
[123.046875],0.50659364,2718.1495325582796,-181.18803,50.818577,32.253418,28.63765,16.016954,22.545498,11.370345,10.898908,3.8982213,8.90615,4.651443,4.286256,0.06640058,The Candy Dealers - Stepping Out Frankie J.mp3,Favorites,3
[123.046875],0.55228806,2540.794421675635,-101.965675,65.68967,22.563013,38.16057,10.262081,8.925163,-7.427041,5.1188083,-4.7932706,0.46546224,-3.9859488,5.4093537,6.359,Kevin McKay - The Oooh Song (Original Mix) [ClapCrate.com].mp3,Favorites,0
[123.046875],0.6157377,3269.4384617745195,-126.03253,36.600433,-7.8204904,14.727796,-2.2432804,5.306447,-4.0480027,1.0548294,-7.4955463,-2.370978,-5.24391,1.1784332,-2.4131227,Mario Cruz - Hiroshima (Ben Delay Remix) [ClapCrate.com].mp3,Favorites,1
[123.046875],0.55102825,3004.8531573350356,-88.89738,46.80657,26.739569,30.47623,10.582335,34.048637,14.536156,14.547944,8.339736,17.34871,6.4892516,7.3739753,1.01946,"Abm - 5dfc2b3f-8d49-41b5-b685-b5f7b7978b35 - Ridney, Husky, XIRA - You Ain-t Breakin- My Heart (Husky-s VIP Extended Club Mix).m4a",Favorites,3
[63.02400915],0.57698303,3637.8754510961085,-163.2679,24.967659,11.268069,13.171885,17.47825,15.834491,10.942344,8.224035,3.6190534,5.561418,4.8866,0.8453605,7.872557,Funky Trunkers - Soul Power (Original Mix).mp3,Favorites,2
[123.046875],0.62951833,3420.7160653579976,-141.34657,29.76203,18.119776,13.709837,8.6768055,18.594902,7.396532,11.792993,4.273501,9.011055,2.500786,8.252363,3.650532,Dale Move - Funky Bass Town (Extended Mix).mp3,Favorites,1
[83.35433468],0.554181,3570.8379909337054,-110.97317,24.913746,-12.9973755,4.827634,-16.72024,-2.3104935,-14.223353,-6.7780786,-14.897557,-5.5702014,-11.520689,-5.71374,-10.692867,Qubiko - Closer (Original Mix).mp3,Favorites,2
[123.046875],0.6101074,3643.7997753623754,-179.21657,30.772736,5.2307568,21.093748,8.124376,9.833389,2.76997,8.616789,-0.41394752,8.056909,2.2810795,4.068983,2.577372,Inland Knights and Larry Fives feat Nica Brooke - Sticky Fingers (Inland Knights - Another Way).mp3,Favorites,2
[123.046875],0.49121237,2951.9427291509255,-138.17412,64.72676,28.390533,21.130957,-3.8807185,2.63365,-8.465221,1.5307643,-7.0981636,0.9265385,-1.741053,3.8715632,-0.7943839,Rucks - Find Someone.mp3,Favorites,3
[123.046875],0.6066113,3024.2803376983175,-86.75252,57.111553,1.0367897,11.642251,-10.580754,8.982832,-3.5907972,2.873371,-2.9871075,3.9030795,-0.33152464,3.3087125,-2.3019018,Per QX - I Know You Care (Original).mp3,Favorites,1
[129.19921875],0.63672554,3737.0619169247825,-160.40497,15.198408,-12.494417,1.1344784,-0.4768707,7.536382,3.649761,10.265193,5.249987,7.5559983,2.9419649,5.9452662,4.0429053,Mr. Rich - Keep On... (Respect to the RM Mix).mp3,Favorites,2
[123.046875],0.5649601,2730.1713584399345,-112.177704,59.495342,9.331319,26.66395,10.384825,11.492492,-1.0202134,7.3597264,0.6285344,3.254436,-0.06375255,5.196009,0.6202456,Matt Mason - Complete Control - Sugar Shack - Mastered.mp3,Favorites,3
[123.046875],0.60989743,3292.8943595233063,-103.03007,32.796562,24.3209,18.480545,11.330575,22.260738,2.6341805,12.690652,7.0329,7.06443,1.3142678,8.378583,0.705439,"Ebm - 7b0c6980-af90-4778-8276-6b19c7a596e0 - Artful, Ridney, Terri Walker, Michael Gray - Missing You (Michael Gray Remix).m4a",Favorites,1
[86.1328125],0.51600707,3778.1288217552346,-155.30116,33.128952,37.428402,21.720556,4.2674656,15.259837,-3.7622418,1.1710811,-2.7795186,-1.6963817,-0.72379524,0.7016537,-1.2522631,Scott Morter - Holding On (Orignal Mix)  Master.mp3,Favorites,2
[123.046875],0.5449086,3663.862745023213,-120.84357,8.65038,37.54959,36.521175,14.730841,17.942923,2.4212232,10.748176,1.7223947,10.626902,-2.2994466,5.97412,0.7599399,Chocolate Dice - I'm An Addict (4 Ur Love) (Original Mix) [ClapCrate.com].mp3,Favorites,2
[123.046875],0.5648482,2982.6514127972046,-119.24564,57.3428,13.666855,22.040731,2.8350422,10.510716,-1.1267242,0.8613446,-5.663492,-1.0183008,-5.543452,-1.8056821,-6.228121,"Mirko - Meex, Qubiko - Take Me Away (Qubiko Extended Remix).mp3",Favorites,3
[123.046875],0.6287475,2917.3553709461444,-183.19186,33.391407,34.866978,36.382046,25.001442,25.53164,16.208641,17.692911,12.671441,12.350883,9.9406185,8.41324,6.36858,"Ziggy Funk, Taliwa - Everyday (Yass Classic .mp3",Favorites,3
[123.046875],0.6016056,3271.243112948415,-87.82783,35.17823,-0.7235398,16.184246,-7.821537,13.051026,-6.141566,0.17968524,-6.127019,0.319225,-3.265037,1.0830821,-5.000743,Paco Caniza - What You Want (Original Mix).mp3,Favorites,1
[63.02400915],0.61015797,2679.1184106963337,-156.6983,50.956017,15.525903,40.846466,14.634173,23.13544,4.846514,12.4779625,0.2972227,9.533151,3.2970972,7.967701,3.991324,Around The Bane (Noir Mashup Treatment).mp3,Favorites,3
[123.046875],0.48733643,3483.1022952803564,-34.93458,45.303352,25.526615,27.267385,9.469204,14.574651,-0.8373528,3.9278855,-5.1969213,0.92901367,-5.8291116,-0.61412716,-6.870374,Jorge Montia - My Feelings.mp3,Favorites,1
[123.046875],0.47880343,2916.285255705423,-148.21251,59.862694,-16.233032,8.274505,-5.642166,-0.6921962,-15.896625,-7.4672866,-9.688283,-0.80880976,-6.343144,-1.9826828,-9.2620125,"partywithray, ZHU, Golf Clap - Lil Mama (Golf Clap Remix).mp3",Favorites,3
[123.046875],0.47051215,2782.954964400317,-68.53923,74.08377,-22.177671,-0.33331993,-24.652449,-9.957714,-13.154725,-15.418477,-14.886677,-6.528495,-19.009087,-9.221,-12.477124,Korqi - Feeling (Original Mix).mp3,Favorites,3
[123.046875],0.5475744,3408.402627947854,-166.50394,23.747643,13.579141,37.06526,5.6286907,17.939045,-4.4188423,8.036778,1.3067552,4.01284,-2.9828587,1.9593838,-1.8750507,Rhythm Collect - For You.mp3,Favorites,1
[123.046875],0.5272984,3154.7558389119376,-163.2105,45.333218,-9.192294,10.103862,-3.328488,4.799337,-4.3663025,-1.3059369,-4.913667,0.952598,-4.3983874,-1.0649592,-4.4455175,Giom - Red Light (Deep Active Sound Remix).mp3,Favorites,1
[123.046875],0.6326655,2610.854111381301,-209.20892,29.082207,16.919582,47.81742,17.239632,24.54209,13.506352,17.31703,9.198394,13.846175,7.3097773,10.012357,5.0198793,Black Loops - No Questions (Original Mix) [quality-dance-music.com].mp3,Favorites,3
[123.046875],0.62091595,3046.6135117170425,-118.61557,42.937984,16.473022,26.50584,5.570789,15.276957,7.330379,10.556202,-1.841784,4.687549,2.1672177,4.0025406,-0.54816025,"Seb Skalski, Rona Ray - Toni-s Groove (Extended Mix).mp3",Favorites,1
[123.046875],0.56114763,3220.4961469913874,-87.85667,49.078815,-7.034017,-1.9554046,-14.527189,10.449178,-10.556607,4.4209757,-4.4081225,8.445638,2.4876933,3.4249113,0.09382318,"Gianni Bini, Liz Hill - Groove Is in the Heart (Original Dee-Booty Mix).mp3",Favorites,1
[123.046875],0.46924573,2281.830824105031,-225.53775,73.45982,5.782035,24.134243,0.089400254,8.742624,0.9700676,1.7089617,-0.3956721,0.86321646,-5.128769,-0.99368846,-2.0478957,04 RUNNIN AROUND.m4a,Favorites,0
[123.046875],0.6033998,2842.708524352496,-149.22763,50.347107,-2.2710173,16.996407,0.043311153,10.408941,4.071146,13.642857,3.6410263,8.28456,0.88012147,4.9222364,0.2007196,Format B - Atomizer (Sebastien Leger Remix) [www.whatDjplays.com].mp3,Favorites,3
[123.046875],0.5552034,2338.561072270748,-164.36856,66.79366,36.095463,37.793587,20.402996,23.342693,9.191373,12.034602,9.732372,13.487193,4.3014345,6.9282875,1.8661141,"051.Green Velvet, Riva Starr - Robots (Weiss Remix).mp3",Favorites,0
[123.046875],0.616677,2662.801774385188,-268.01343,27.63753,16.36606,26.537012,14.189003,23.525837,14.754904,19.04663,12.448363,13.738798,7.630463,11.724987,7.0014777,Sonic Future - What You Gonna Do (Christian Alvarez Backspin Mix) (www.MusicDjsMp3.com).mp3,Favorites,3
[129.19921875],0.3046655,2409.6855143159983,-141.32144,80.88105,-30.209558,21.425873,2.357042,9.102495,-6.7782173,0.52745867,-1.4904137,-6.6316385,-11.410073,-2.824125,2.25857,The Supermen Lovers - Starlight_www.clubkings.eu.mp3,Favorites,0
[123.046875],0.61650187,3714.361943708325,-213.8421,33.622906,25.01175,14.895776,3.7110517,13.141348,-0.62320906,6.3701777,-0.01849932,2.6147344,-2.955891,1.3271329,-2.5844617,01 MAke me feel so good.mp3,Favorites,2
[123.046875],0.5985572,3355.6785708280504,-121.109,26.31792,-2.4978502,13.757528,-0.29872704,14.641268,-0.45245618,6.5138655,-1.1450461,3.0119855,-2.6005216,3.6653802,-2.0810754,"Dennis Ferrer, DJ Kone - Marc Palacios - Church Lady (Unreleased DJ Kone - Marc Palacios Remix).mp3",Favorites,1
[129.19921875],0.57981986,3229.2092387423486,-131.93532,33.566383,35.517178,31.731373,14.757836,14.62134,7.021221,10.316659,3.8195186,6.659003,3.1228485,5.1853027,0.9694002,Rober Gaez - Make Me Love You %28Original Mix%29 %28BacauHouseMafia.Ro%29.mp3,Favorites,1
[123.046875],0.5801004,1986.5362535965653,-159.84247,90.484886,25.65397,39.480595,6.60736,20.370186,2.5206275,8.193084,-0.14453635,6.8862166,-0.3229555,3.7607021,0.22877352,15 Wilder Side feat. Candi Staton (Tong & Rogers Wonderland Mix).mp3,Favorites,0
[123.046875],0.5284027,2486.587135579538,-172.12863,62.49221,17.34285,22.997744,8.856243,18.80457,9.9216585,7.6071362,1.2810146,3.847112,1.0044401,4.8122463,1.425939,Yousef - Beg - (Hot Since 82-Future Mix).mp3,Favorites,0
[123.046875],0.6187839,3807.040665452195,-142.97534,10.1073,12.58758,17.203648,-0.3274574,18.03309,4.7148128,8.507699,3.6159153,9.058623,2.605696,3.9639409,-3.9463904,"Dzialach, Haade - My House (Original Mix).mp3",Favorites,2
[123.046875],0.57606363,3887.387889510178,-84.95956,23.721481,34.40958,36.313934,16.762043,15.774566,1.0242712,11.135814,0.72048736,3.5138018,-2.2246263,2.5337787,-0.950949,02 Shot You Down.mp3,Favorites,2
[123.046875],0.49088314,2902.492142472406,-145.5932,48.744198,36.154934,39.897995,16.482935,15.345398,5.159501,9.553933,-5.7230396,0.89744943,-10.106877,-5.171882,-6.2204127,"John Moss, Juliet Fox - Realize (Original Mi.mp3",Favorites,3
[123.046875],0.58678865,4044.674361490882,-80.72111,20.26881,3.3092022,24.812498,-2.7568064,3.490348,-8.806172,0.40485087,-7.114299,-2.931959,-8.758729,-3.0993595,-7.824491,Roter & Lewis - Get Out Of My Life.mp3,Favorites,2
[123.046875],0.54244983,3234.479244066862,-143.49976,39.5473,8.29909,17.992847,-0.57534045,11.548196,-1.5324323,5.2212563,-3.9035895,3.3213472,-5.2793565,-0.56805253,-5.015601,Bante - Too Far Gone (Original Mix).mp3,Favorites,1
[123.046875],0.4710573,2656.647588146886,-221.04283,65.6262,35.314484,19.736128,5.067586,15.112248,3.1791322,1.3817607,0.5747222,3.3948998,2.4612415,7.9399285,7.769685,"Ashmere, Elisabeth - And In Time (Mattei & Omich Remix) [ClapCrate.com].mp3",Favorites,3
[123.046875],0.614838,3869.292515411409,-136.72676,15.952745,1.2021711,4.5358624,-6.3704557,4.9406238,-8.116526,1.4139695,-4.6650105,0.71814984,-7.818588,-2.1829252,-6.1948953,"Smokin Jo, James Hurr, Stealth - Beggin- For Change (Extended Mix).mp3",Favorites,2
[123.046875],0.50216734,2878.403947760098,-115.65761,48.983063,28.772573,15.737906,-3.7800882,11.5097685,-7.223806,3.621695,-0.3279126,7.9706,-0.5359835,3.242139,-4.1635747,Anfunk - Don't You (Original Mix).mp3,Favorites,3
[123.046875],0.47563413,4293.006046652742,-198.58392,2.902327,34.456234,23.994202,16.78185,13.643588,6.80179,12.344495,1.0520277,10.929023,0.35549888,0.91577363,7.2851458,"Man Without A Clue, Lee Wilson - Do You Dance (Extended Mix) [ClapCrate.me].mp3",Favorites,2
[123.046875],0.5725054,3170.789698721423,-163.7821,35.79378,-6.6349688,23.594343,5.7925925,15.6305,5.3828936,8.612739,5.8113055,13.220673,4.59749,7.3796773,2.006842,Roland Nights - Let It Rain.mp3,Favorites,1
[123.046875],0.5191164,1545.5812097713592,-216.60483,105.31301,-8.414072,-0.738671,7.538922,10.532454,-2.9566302,4.5016093,8.273786,7.4083734,-0.77277875,2.7645845,6.141192,03 JaMON w_hot on street.mp3,Favorites,4
[61.5234375],0.61486465,3674.092573909945,-123.04301,30.66395,26.679531,23.329298,11.685048,13.248461,2.3020415,9.600781,-2.4556653,3.7215047,-1.4386578,2.4002888,0.46758702,Steve Mill - Side To Side (Original Mix) [Large Music].mp3,Favorites,2
[123.046875],0.505774,2533.431661505465,-172.14801,65.796135,-3.405878,13.384451,-12.437367,6.1870093,2.4969962,7.034446,2.2314885,7.6048574,5.7640796,4.9998865,4.784916,Kinky Movement - So Different [Guesthouse] exclusivesource4dj.com.mp3,Favorites,0
[123.046875],0.6357462,3366.56579645357,-106.90076,20.437328,-5.5093603,22.992926,1.1941183,17.686295,4.274484,8.94739,2.6262248,8.699589,1.4567481,7.149635,2.704614,"Made By Pete, Penny F - Our Story (Pete's Dub Mix) [quality dance music].mp3",Favorites,1
[123.046875],0.46927997,2284.2742177544205,-227.65674,73.721794,6.102298,24.091253,0.17535684,8.7106495,1.0851293,1.6000007,-0.33100602,0.81204337,-5.1471624,-1.0052435,-2.024658,04 late sax funky #.mp3,Favorites,0
[123.046875],0.52299917,1884.1917525903943,-231.21217,78.32714,33.230957,21.537943,11.555133,15.202309,7.614963,7.3129005,1.2667876,2.901982,-2.154971,-1.1818053,-4.224722,12A-Seba Lecompte - Love Connection (Phasen .mp3,Favorites,0
[123.046875],0.6546711,2809.0258588859347,-137.20715,47.65901,13.12546,25.96042,20.59076,22.197601,11.684886,9.368432,7.6209674,13.268615,7.9530163,10.662439,5.2848244,"Joeski, Lady Life - BadBoyzz (Original mix).mp3",Favorites,3
[123.046875],0.38019195,2156.9983144495723,-144.17593,94.62851,22.585518,19.854408,7.3518662,21.940037,7.0349083,8.115175,-6.2354546,3.4558816,4.845121,11.548265,6.519188,Maya Jane Coles - What They Say.mp3,Favorites,0
[123.046875],0.5513673,3030.8959744239232,-83.6794,55.29051,15.163128,16.718462,9.435738,18.12792,5.2990804,10.437436,1.4674425,6.0503974,-3.6425962,3.3997803,-2.9015234,Paco Caniza - Had Enough (Original Mix).mp3,Favorites,1
[123.046875],0.56405884,3585.9022570086627,-167.86905,15.867668,26.81842,33.942883,6.3869367,23.502748,3.5038772,8.659009,-1.1980776,0.7088278,0.17647673,3.4172628,-3.3323643,10 CMAVS SETTLE DOWN.mp3,Favorites,2
[123.046875],0.57097816,2698.56684795942,-190.36356,52.134964,37.56462,17.433578,10.753188,25.452436,4.633978,18.437532,10.81499,13.829179,7.3069005,10.282583,1.6011184,Lei - On The Light (Original Mix).mp3,Favorites,3
[123.046875],0.5921063,2856.951420442768,-117.30944,65.35054,22.571548,23.608774,1.8593115,25.997055,6.281398,14.788969,8.82226,7.47097,3.6481178,9.197742,1.8415644,"Defex, blondewearingblack - We Are The Beat (Original Mix).mp3",Favorites,3
[123.046875],0.539264,2745.0832383674538,-287.2389,50.98989,17.057446,16.742678,8.4611025,16.568974,3.8077672,9.877105,5.124906,8.498555,-1.5234885,1.3200908,-2.064088,SEE THE STARS.mp3,Favorites,3
[129.19921875],0.5359862,2825.8515833687,-101.01994,61.823494,2.100276,20.548208,1.574369,7.249929,-6.4594297,0.35967284,-2.8226013,3.304593,1.0018269,3.9436939,-2.8589957,Sonny Fodera - Soul Good.mp3,Favorites,3
[129.19921875],0.5596808,2982.087618103463,-133.56299,58.33861,9.314557,12.668834,14.38296,16.906687,-3.9066226,5.2905755,4.9119735,7.930474,-0.31997132,3.8418164,0.696894,Sleazy McQueen - Calling (Inland Knights Rem.mp3,Favorites,3
[123.046875],0.5482844,3033.243438778389,-194.39122,44.456898,-2.9380724,12.275527,3.5357666,10.784092,1.070394,8.805221,2.5491712,0.8020936,-0.44085175,-1.2101392,-8.822642,Release Me feat. Lotti (Original Mix).mp3,Favorites,1
[123.046875],0.4320084,1049.4250775634753,-290.23386,93.42132,50.216717,36.572235,30.583416,27.2226,13.197806,10.47118,9.473685,10.062754,6.0914445,3.8589118,0.22559604,Collected_Works_3_(Thyladomid_-_The_Voice)-O.mp3,Favorites,4
[123.046875],0.62535816,3709.592426856868,-157.003,25.729671,3.6758583,3.2337542,2.3981435,13.845041,-0.030054523,4.7159925,1.5956976,8.002597,1.6770769,6.59589,2.2805974,Long & Harris - Will She Wait (Original Mix).mp3,Favorites,2
[123.046875],0.5251771,4009.912283983795,-148.10393,31.603382,28.29627,-2.861135,-7.3093586,-0.48957518,-11.912994,-5.84602,-9.233018,-4.4516063,-5.2418804,-2.4408004,-4.912214,02 horns and blaaaaa.mp3,Favorites,2
[123.046875],0.5798255,3875.4686171044796,-187.2612,0.05603292,31.150457,25.737362,20.552692,24.652607,7.231093,16.427265,6.7805457,7.859423,1.9117726,5.493767,0.44677946,07 old shit rainbow.mp3,Favorites,2
[123.046875],0.6059945,4041.5130678721293,-100.44711,3.725515,-10.756618,7.1885347,-9.151856,4.652068,-9.908157,2.7688975,-5.6599426,4.8963804,-3.9811437,2.4568553,-5.8006883,Mirko - Meex - Fallin- (Original Mix).mp3,Favorites,2
[129.19921875],0.5148473,3264.663544189112,-204.79741,52.943615,27.007177,19.22793,11.669599,15.164623,1.4407014,8.841628,1.5544509,9.011768,-4.861013,3.875947,0.6544502,Ian Pooley - What's Your Number.mp3,Favorites,1
[123.046875],0.53453916,2849.616429804879,-130.8659,59.554913,27.583767,24.60383,1.7840421,17.184834,0.9076633,8.262368,1.4680506,5.8627915,4.057916,5.582613,1.9550197,Lose_Myself_(Deep_Mix)-SHE004-4(320k).mp3,Favorites,3
[123.046875],0.5981382,3841.8722946862126,-171.66402,-12.359331,19.662226,31.35104,4.7162457,17.294552,9.828262,14.853244,10.72998,11.809354,4.892663,10.072009,3.7238376,"Abm - a12bf64f-47c0-4050-87d5-6c8919e7ac65 - Kevin McKay, N2N, Mila Falls - Paradise (Extended ViP).m4a",Favorites,2
[123.046875],0.61085206,3879.1169970502124,-205.8729,0.4086268,13.859661,25.956137,4.734649,22.330889,2.5828812,21.37367,1.5557079,8.223685,0.2929566,5.002799,-4.175483,"Matt Prehn, Griffin - Dark Circles.mp3",Favorites,2
[129.19921875],0.5429373,2650.3178264746216,-208.89914,44.091206,16.624697,23.936544,12.17595,14.813187,5.2971916,8.208132,6.5798388,12.636755,8.723557,10.420646,6.0392694,Sneaky Sound System - Pictures (Tonite Only .mp3,Favorites,3
[123.046875],0.6126763,3108.9651256444627,-141.05536,48.58471,-1.0154638,10.329256,5.731335,18.019535,0.5251753,9.648484,-1.8456895,6.025196,2.4143581,4.421586,1.4736339,01 everybody loves you.mp3,Favorites,1
[123.046875],0.58713967,3709.6716627907435,-146.63104,31.32111,28.569971,24.353025,12.915724,17.240757,2.6923716,6.7704587,-1.1257819,2.604944,0.38073462,3.4797235,-2.3674762,"Ebm - 4df2296d-31b0-486e-9aeb-538fe9a6fc1d - Love Klubb, Amanda Wilson - I Won-t Wait For You (Extended Klubb Mix).m4a",Favorites,2
[129.19921875],0.58269715,3354.097858573092,-104.275215,27.926304,10.5392475,23.588717,7.238991,23.13834,9.234111,13.085899,6.3200274,9.242916,2.219452,6.3647614,2.5648377,02 KEEP ON MOVING DISCO REMIX.m4a,Favorites,1
[123.046875],0.461288,2519.416374679911,-233.58089,42.756577,38.20596,29.836693,28.141037,26.439112,17.321938,21.831575,12.21157,16.06671,6.63764,4.561689,5.927915,24 Gospel (Super Flu's Antichrist Remix).mp3,Favorites,0
[123.046875],0.58387715,3384.9861107386228,-173.23254,45.491177,30.978104,18.679056,11.028872,19.46941,2.774796,6.9017096,3.2068925,5.0514946,-0.28122497,7.978721,0.44091052,CAndy Dealers come alive jay west .mp3,Favorites,1
[123.046875],0.5468895,2699.815269786688,-154.94495,60.287636,25.986597,20.713459,11.4522,15.566142,4.199818,7.4860916,1.2554306,3.5200098,1.8029258,1.6074266,-2.7726734,"Colette, Gettoblaster - Butterflies (Rubb Sound System Remix).mp3",Favorites,3
[123.046875],0.54970384,3418.769466043581,-113.13748,25.83266,17.191767,16.65505,4.091282,17.749966,0.40346676,7.075803,5.4800973,10.290894,1.5888537,2.8812158,-1.7875551,Voicemail (Original Mix) .mp3,Favorites,1
[123.046875],0.41836146,3472.8935551132154,-145.13832,47.52746,15.074441,15.949108,-3.6989617,2.6158917,-3.354917,2.0198452,-6.9992957,-1.9502324,-5.020766,0.7466135,-0.38368815,Greg Stainer - Back Home (Mix 1).mp3,Favorites,1
[129.19921875],0.4700211,3081.7808129740524,-74.71185,56.13418,-28.399734,20.680199,0.92985,3.9220946,-12.622015,2.6822097,-9.294023,-0.4407239,-11.045,-2.8857727,-4.11748,Mighty Dub Katz - Just Another Groove.mp3,Favorites,1
[123.046875],0.4726358,2807.679587142381,-185.04909,70.156845,42.65363,35.994884,19.795616,16.516151,-0.050343234,6.223634,-0.21733938,3.7093139,-6.8387237,-4.6694818,-9.8016,Juliet Fox - If You Feel.mp3,Favorites,3
[129.19921875],0.46646285,3025.7147604258766,-264.4806,56.84126,47.390854,31.4565,9.158297,21.078814,5.1630297,13.839404,0.29527915,4.1020865,-4.4746857,1.2476286,-3.838964,Peter Heller - Big Love (Club Mix)_soundcloud_42144616.mp3,Favorites,3
[123.046875],0.5802444,3140.7214750000876,-217.99248,39.81136,-4.700008,8.293823,-4.145272,11.460056,-6.90092,4.9155474,-1.6025685,3.4266946,-3.2079053,-1.5218408,-3.2806528,Lawnchair Generals - When i think (aroma).mp3,Favorites,1
[123.046875],0.5930799,3798.309092023999,-182.47098,21.413023,7.8074703,15.081801,4.2502637,10.869379,4.623493,6.2855635,-1.9463843,5.8794737,1.7378734,5.459759,1.2266322,Tom Special Interest - More & More (Original Mix).mp3,Favorites,2
[123.046875],0.6148631,3387.3147443499643,-89.719406,26.189846,3.1241615,17.460728,-1.0562892,12.427407,-5.707379,0.666331,-5.8769164,3.2998927,-1.900201,3.2005136,-1.7285919,"Abyss Deep Sound Lab, Norty Cotto - It-s Just Begun (Norty Cotto Club Remix).mp3",Favorites,1
[123.046875],0.51241726,2464.7161447839985,-127.06787,78.25498,40.82234,35.704235,8.07534,22.285301,11.362493,18.321608,8.967964,9.450487,-0.049204692,3.1932619,0.1913847,Mood II Swing - Do It Your Way (Strictly Chill Edit).mp3,Favorites,0
[63.02400915],0.51661885,2248.6979723149834,-219.23602,74.185196,36.78219,34.57876,25.185818,28.40804,6.6721983,10.109926,-7.6978765,1.0039885,-5.9869556,-2.8478694,-6.977628,Chuggy_Lovebottoms_EP_(Lovebirds_Club_Remix)-BH-032-3(320k).mp3,Favorites,0
[123.046875],0.5301302,2256.5433161092787,-310.06085,49.817814,27.04107,37.888226,13.8646555,16.805294,10.026302,8.492058,10.042543,6.893439,0.5477519,4.0794687,2.081348,01 I Wish I Could Be Beautiful (Style of Eye Remix).m4a,Favorites,0
[123.046875],0.51757455,4481.183243442992,-80.29508,16.785154,26.378075,7.873737,8.91964,13.209669,0.04437303,-1.7674371,-4.515198,-0.21980605,-8.10642,-0.17184843,-8.522037,Format_B - Chunky (DJ S.K.T Remix) (DJ S.K.T Remix) [ClapCrate.com].mp3,Favorites,2
[123.046875],0.4433191,2518.384454428221,-185.59262,88.67242,37.341114,15.373104,10.896208,18.43136,8.073632,2.2059963,-10.266155,-3.0832667,-2.6875536,2.1586437,-3.4650156,31 Andhim - Like A Wirsing %28Original Mix%29 - Music-For-Dj.Com.mp3,Favorites,0
[123.046875],0.5716777,2993.8703368021083,-246.5594,42.91424,25.56493,23.682575,14.354815,16.850384,14.527142,16.851326,12.373125,8.991491,5.8363075,9.427089,5.3152003,06 maybe stainer_.mp3,Favorites,3
[123.046875],0.45231622,2317.9907277223347,-236.73293,51.776382,22.859604,30.735865,19.447653,21.10965,5.317024,11.455278,4.7829237,4.8496943,-4.1417418,3.2816513,1.6320587,22 lazy rich.mp3,Favorites,0
[123.046875],0.49157545,2249.089751879072,-190.48135,83.85635,28.415907,21.2857,5.188972,14.26492,4.7847223,9.612731,-4.2893367,1.2716086,-2.7934282,-0.09629212,-5.9561305,Jason Burns - Hold On (Original Club Mix).mp3,Favorites,0
[123.046875],0.60611784,3462.471419996244,-102.50704,28.929258,8.329168,16.546885,1.6338084,14.356421,-2.123164,8.1134405,-0.4657722,4.5794325,-2.7822452,3.7786343,-2.2164156,"BenKane, Daniel Dash - Lost In My Head (Original Mix).mp3",Favorites,1
[123.046875],0.59102416,1532.1455444166627,-314.8625,111.95276,45.181,13.957781,8.345582,12.401039,16.879196,17.696024,15.074595,4.748529,-3.3558822,-0.5815972,-0.33275497,09 CYCLONE REMIX!!!.mp3,Favorites,4
[123.046875],0.4886345,3680.775857722367,-87.17576,25.999334,-7.840952,-0.8178779,-19.708315,-4.964538,-9.183501,-5.3979993,-13.793628,-8.569199,-9.815377,0.18667026,-2.3659275,"Thando1988, Anton Karskiy, Lee Wilson - Nobody But You (4AM Dub).mp3",Favorites,2
[123.046875],0.5856494,2742.290643242165,-146.54826,68.9037,15.129717,9.58266,1.5842489,12.398594,3.3189857,4.779687,2.2002044,8.027595,5.942488,10.35159,8.1616745,DJ Romain - One Step (Original).mp3,Favorites,3
[123.046875],0.43488312,1395.6084112529716,-187.02237,110.34381,23.027544,20.423971,21.092407,13.604363,5.8737855,12.155775,2.4614406,8.886651,3.3240445,4.673306,3.350334,Hotlane - Whenever (James Curd Remix) .mp3,Favorites,4
[161.49902344],0.34955484,2588.271711178184,-97.473946,80.383415,4.1020026,18.41307,0.7281957,-9.977867,-6.6911674,-13.031797,-7.182212,-8.700009,-14.458694,-9.795539,-13.9956255,"Sue Avenue, Marta Del Grandi-Homeless (Original Mix) www.myfreemp3.info .mp3",Favorites,3
[123.046875],0.4354737,2459.173069632096,-134.37057,76.072296,13.7581,32.896267,18.76487,11.903719,0.4499045,6.7396507,-0.082918525,-0.41590735,-3.4180048,5.0134625,-0.45879757,5A-Saison - Please Don't Go.mp3,Favorites,0
[117.45383523],0.6100684,3167.2261560573425,-109.65743,30.710424,-1.4597472,23.536205,4.693118,18.007788,2.8933313,8.327437,1.979216,9.315256,0.40922126,7.8074102,0.6094726,Made By Pete - Hood Rats (Original Mix).mp3,Favorites,1
[123.046875],0.6089193,3286.2401096354724,-166.36269,27.024971,12.541561,18.462896,11.368707,24.59217,12.762027,21.4433,4.0641985,11.74125,3.3725197,9.857049,0.9913386,Carlo Caldareri - Do Right (Original Mix).mp3,Favorites,1
[123.046875],0.55124986,3206.154996501664,-152.529,41.536945,6.8160925,5.8996787,-2.3366768,3.2570744,3.0394611,7.1830683,2.4561472,5.8374934,5.587321,7.9967923,4.895318,Soul De Marin - Krazy Shit (Original Mix) [exclusive-music-dj.com].mp3,Favorites,1
[123.046875],0.6353038,3782.8878713081954,-120.54413,9.066139,-3.7659378,8.680516,-6.6544547,9.830468,0.16197093,6.852587,1.498855,9.8415,1.7586356,7.2873564,4.8085647,Ruben Naess - Your Body (Original Mix).mp3,Favorites,2
[123.046875],0.5495448,3418.730742581139,-113.95978,35.638943,-3.8971193,1.2069837,-2.8502743,1.4165905,-4.7854953,-1.7464707,-10.552517,0.8517696,-3.403637,5.495925,1.3064704,OFFAIAH - Find A Way (Extended Mix).mp3,Favorites,1
[123.046875],0.4225055,2948.4057545227533,-189.68097,69.672356,25.099743,11.786694,8.548955,4.4561257,-4.605285,2.7949734,3.7523704,9.916476,8.154551,9.273329,7.1459227,Inland Knights and Da Sunlounge - Track A.mp3,Favorites,3
[123.046875],0.3701268,1676.6272626074165,-247.39612,100.77453,52.2563,11.887778,12.192416,4.6236553,-2.3000858,7.806389,1.3871641,-0.36964667,2.8149674,-0.13778578,0.049275234,01 corner of my soul.mp3,Favorites,4
[123.046875],0.535576,3197.952142111732,-155.13533,29.931616,19.728733,25.64204,8.402608,20.370466,6.509383,12.46963,7.022232,10.546903,3.116237,7.6087084,3.6809413,Kinky Movement - Freak Trip.mp3,Favorites,1
[129.19921875],0.49303928,3291.7375412152087,-111.32811,42.984093,24.828773,19.637838,5.2240047,14.379954,0.053179193,12.82694,3.9841413,6.9960217,-4.1140766,5.4955664,-8.692158,01 Short Cut To The Top EP (Short Cut To The Top).mp3,Favorites,1
[129.19921875],0.5151566,3136.0539320187677,-135.45709,32.729923,0.6062435,19.337238,-1.8105637,13.233797,0.008388272,7.0997343,0.0953286,6.5931573,-1.9709321,0.93434817,-6.9483376,11 Angel Anx - Boompie (Dub)(www.house-music-exclusive.com).mp3,Favorites,1
[123.046875],0.539983,2849.5780480813337,-161.64812,52.56931,-17.685474,4.762579,-19.11973,9.245675,0.76558965,1.8751296,-3.628666,2.6258748,-0.54021406,4.546873,0.8657219,kinky_movement_-_two_minute_warning[www.MP3Fiber.com].mp3,Favorites,3
[129.19921875],0.5513476,3371.2532544454234,-191.55185,21.629772,7.944093,28.109203,8.795008,10.864294,3.3100226,14.829558,-3.5164974,9.621139,0.8053209,8.483991,0.43205756,Unseen Things (Sonny Fodera Remix).mp3,Favorites,1
[123.046875],0.5549642,3621.0516294684635,-70.32938,27.950888,-1.652544,3.9931943,0.22824275,7.9218917,-16.929934,-8.93675,-16.978685,-12.495169,-18.685696,-7.534565,-10.213151,Hiva - Sparkling Disco Lights (Original Mix).mp3,Favorites,2
[123.046875],0.48171702,3661.1949722305317,-97.89559,38.82824,28.150482,19.515495,6.8681626,17.516943,10.691048,15.418407,0.044267684,2.0506177,-8.251675,7.693203,-0.6908144,04 drunken preacher.mp3,Favorites,2
[83.35433468],0.5649465,3552.1131756147543,-102.26945,30.135153,2.8541565,27.333588,-2.5725324,5.660261,-5.021254,-4.45877,-10.676653,-5.766811,-9.595421,-6.0462275,-8.888804,"Jose Nunez, Erick Morillo, Shawnee Taylor - Addicted (Harry Romero & Juan Diaz Mix).mp3",Favorites,2
[123.046875],0.4845869,2916.802717226369,-172.80922,53.76117,30.336475,28.620707,5.508913,16.448057,0.97623664,4.9316826,2.2300909,2.6186783,-1.5654736,-1.3060206,1.6890512,"Angelo Ferreri, Karl8 - Andrea Monta - Movin- Too Fast (Original Mix).mp3",Favorites,3
[123.046875],0.4186631,2416.6939129569914,-177.27261,80.49206,49.03004,34.61505,22.856052,17.126696,-2.9398336,5.0738945,-0.4157132,-6.645485,-9.465771,-0.47819698,-7.20558,ANDHIM - the ONE.mp3,Favorites,0
[123.046875],0.43729448,3843.2439070277733,-116.79351,33.69975,-2.5456421,-15.275719,-20.067299,-5.1949034,-22.838995,-15.369515,-18.041708,-13.6326065,-19.73412,-12.779607,-16.268814,02 SOMETHING ABOUT THIS MUSIC.m4a,Favorites,2
[123.046875],0.5915704,2708.634693323179,-191.20264,44.864925,7.1877685,11.77816,4.026042,13.074787,5.6054716,6.798867,-0.5301325,4.9239855,1.8711493,6.0306106,1.3328071,"7B-Rob Roar, Keithen Carter - Crack Cadillac.mp3",Favorites,3
[123.046875],0.6124559,4105.671031675709,-131.58836,-3.528055,-18.234085,5.5251455,-7.359332,6.7766685,-5.5871067,-0.253133,-8.216665,1.6392561,-2.6058629,-0.4098455,-2.4385486,ATFC David Penn - Hipcats Extended Mix Armada Subjekt-www.groovytunes.org.mp3,Favorites,2
[129.19921875],0.52558017,2663.426350323074,-204.6278,46.69669,31.008293,36.1277,18.279804,28.802967,11.365752,18.88963,11.849111,11.693852,4.064609,8.459387,3.7200754,Xjn - Ddst (Original Mix) [exclusive-music-dj.com].mp3,Favorites,3
[123.046875],0.56079465,2147.0919575355183,-220.24449,86.85242,5.316054,21.200844,4.3103604,12.463589,8.163804,8.332473,3.871469,5.4663424,4.969242,9.563297,5.7631035,Mountal - Last Cigarette (Original Mix) ZippyOn.ORG.mp3,Favorites,0
[129.19921875],0.48397276,2404.595869879901,-179.01079,56.24393,-4.002359,22.837307,11.701954,16.771236,-0.00024796714,5.4659095,3.698981,4.5664787,3.4921286,5.4062195,-0.15125135,Eddie Matos - Hypnotized (Kinky Movement Rem.mp3,Favorites,0
[123.046875],0.5700304,3546.9338279755834,-160.86308,25.657171,-0.9530609,13.204554,4.4234147,14.653344,5.735097,11.322852,2.3368962,11.590343,6.529064,7.4010043,2.1032846,03 Track 03.mp3,Favorites,2
[123.046875],0.6159289,3042.549488112037,-197.18118,49.990627,5.169455,19.095495,16.835909,17.15349,1.4045515,8.306013,3.6056323,-0.3868618,4.6572213,5.862629,0.8816039,06 Remerc - Ponysteps (Original Mix).mp3,Favorites,1
[129.19921875],0.598092,3863.9250642571997,-44.132107,20.325726,14.900309,26.184917,5.7914114,16.546581,1.471182,7.510728,3.0094354,6.733812,-3.4000819,1.2492514,-0.8895818,Discotron - Get On Down (Original Mix).mp3,Favorites,2
[123.046875],0.48779097,2432.2076557621576,-102.11944,79.83546,-7.693247,23.824331,1.4706922,4.7033563,2.5644436,0.53266156,-4.073193,3.5517929,-3.104386,1.4613612,-5.3715487,CHIPZ - Addictive (Original Mix).mp3,Favorites,0
[123.046875],0.62671375,3627.8713056451247,-203.49228,17.16339,45.4093,31.669798,4.4285116,20.777487,8.09028,12.802091,5.0503654,9.431076,1.4176451,5.580258,0.058124933,Juanma Llopis - Deep Inside (Original Mix) DeepDJ.org.mp3,Favorites,2
[123.046875],0.6122059,4276.440434347757,-146.34471,17.224277,28.769629,10.786665,7.089459,19.307241,6.267608,12.342775,7.6812387,10.120515,3.4492724,1.1944628,-4.0178595,11B-Stranger Danger - Spell On You (Original Mix).mp3,Favorites,2
[123.046875],0.5503068,3091.7369091855153,-158.60567,44.40491,-2.5811076,16.531847,-4.3303194,13.376871,-3.9512384,5.101975,0.79281306,1.9376444,-4.611205,-0.09702965,-4.6285844,"Delgado, Chrissy K, Ian Green - Schpilkas (Original Mix).mp3",Favorites,1
[123.046875],0.59717035,3645.5106596244605,-113.61686,26.09932,16.184807,24.918056,6.3576245,10.952045,-2.594032,6.01968,-2.897509,4.794321,-0.25481912,3.0268269,-4.845598,"Kritik (SA), DJ Kone - Marc Palacios - Need You (Dj Kone - Marc Palacios Extended Remix).mp3",Favorites,2
[123.046875],0.49463987,1375.3633898456842,-233.60294,93.46705,38.721733,57.703526,25.48859,29.234247,11.498987,7.8995843,-0.17424051,3.2265878,-0.7839807,2.5884113,0.102684,Ronan_Portela_-_Transition_-_Eat_More_Beef_Music.mp3,Favorites,4
[123.046875],0.60791975,3038.825616840882,-115.60475,55.89843,-1.5857286,16.957678,13.988165,10.693609,1.4313726,14.09468,0.38386777,8.158055,2.2041466,7.3060765,-1.7455903,03 Deep into corner soul_.mp3,Favorites,1
[123.046875],0.6038656,3185.6532147666544,-172.25778,43.994232,9.080618,25.226254,13.883179,13.578583,12.827941,13.263892,4.4754376,6.699453,4.6069684,8.006175,3.0032125,Patrick Topping - Look Around.mp3,Favorites,1
[123.046875],0.6467959,2666.0308687359675,-260.15488,43.20717,14.32131,23.36866,3.7959552,8.219907,-3.1164272,4.172508,-0.065610334,2.075509,-1.559001,0.17593932,-2.7217016,Frankie J - Knights.mp3,Favorites,3
[123.046875],0.5877742,2829.9987765983547,-214.03618,60.397446,35.35596,23.407568,20.27032,24.97057,15.884262,14.202996,8.561484,10.83067,2.1620514,7.3173895,-0.23615012,Boris Dlugosch - Keep Pushin' (Purple Disco Machine Vox Mix) [ClapCrate.com].mp3,Favorites,3
[129.19921875],0.59195644,3031.1037792370726,-89.0276,29.383762,13.345718,29.877449,18.698862,17.59129,8.609382,13.390553,12.372578,17.371666,4.8409414,5.905454,5.502003,J Paul Getto - Love Is True (Rescue Remix).mp3,Favorites,1
